{"name":"f6594687-0fbf-4479-a316-908a3bda11cd","id":"/providers/Microsoft.Flow/flows/f6594687-0fbf-4479-a316-908a3bda11cd","type":"Microsoft.Flow/flows","properties":{"apiId":"/providers/Microsoft.PowerApps/apis/shared_logicflows","displayName":"Out of Office event","definition":{"metadata":{"workflowEntityId":null,"flowclientsuspensionreason":"None","flowclientsuspensiontime":null,"creator":{"id":"a6e72e82-cb6f-4ab7-a262-f58ed056c7e3","type":"User","tenantId":"6c637512-c417-4e78-9d62-b61258e4b619"},"provisioningMethod":"FromDefinition","failureAlertSubscription":true,"clientLastModifiedTime":"2020-11-16T14:58:51.5234724Z"},"$schema":"https://schema.management.azure.com/providers/Microsoft.Logic/schemas/2016-06-01/workflowdefinition.json#","contentVersion":"1.0.0.0","parameters":{"$connections":{"defaultValue":{},"type":"Object"},"$authentication":{"defaultValue":{},"type":"SecureObject"}},"triggers":{"When_an_upcoming_event_is_starting_soon_(V3)":{"recurrence":{"frequency":"Minute","interval":3},"splitOn":"@triggerOutputs()?['body/value']","type":"OpenApiConnection","inputs":{"host":{"apiId":"/providers/Microsoft.PowerApps/apis/shared_office365","connectionName":"shared_office365","operationId":"OnUpcomingEventsV3"},"parameters":{"table":"AAMkADk3NTBjNDFhLWZmZDItNDZkZS1hMWI3LTNkN2M2ZDI2YjM5MABGAAAAAAARbIO3S7DjQYFxgtVx7UUFBwCNIXXGnTWOTIRJ3225oreUAAAAAAEGAADlK99dOcPuTo_Et14wkue7AAABwm0qAAA=","lookAheadTimeInMinutes":15},"authentication":"@parameters('$authentication')"}}},"actions":{"Condition":{"actions":{"Set_up_automatic_replies_(V2)":{"runAfter":{},"type":"OpenApiConnection","inputs":{"host":{"apiId":"/providers/Microsoft.PowerApps/apis/shared_office365","connectionName":"shared_office365_1","operationId":"SetAutomaticRepliesSetting_V2"},"parameters":{"body/automaticRepliesSetting/status":"Scheduled","body/automaticRepliesSetting/externalAudience":"all","body/automaticRepliesSetting/scheduledStartDateTime/dateTime":"@triggerOutputs()?['body/start']","body/automaticRepliesSetting/scheduledStartDateTime/timeZone":"@triggerOutputs()?['body/timeZone']","body/automaticRepliesSetting/scheduledEndDateTime/dateTime":"@triggerOutputs()?['body/end']","body/automaticRepliesSetting/scheduledEndDateTime/timeZone":"@triggerOutputs()?['body/timeZone']","body/automaticRepliesSetting/internalReplyMessage":"Guess who is not available until @{formatDateTime(triggerOutputs()?['body/end'],'dd')} @{formatDateTime(triggerOutputs()?['body/end'],'MMMM')}\n\nRight, Rogier is not in the office and asked me, the auto-responder, to reply to all incoming e-mails. \n\nIf your question is really, really important then start the subject with [Urgent] so I can forward your question to him.\n\nKind Regards,\nEmail auto-responder\n(Repping Rogier) "},"authentication":"@parameters('$authentication')"}}},"runAfter":{},"expression":{"contains":["@triggerOutputs()?['body/subject']","holiday"]},"type":"If"}}},"connectionReferences":{"shared_office365_1":{"connectionName":"shared-office365-16a08dc2-bb4f-4488-b931-a6e1d830c187","source":"Embedded","id":"/providers/Microsoft.PowerApps/apis/shared_office365","tier":"NotSpecified"},"shared_office365":{"connectionName":"shared-office365-7d0cc4ba-124f-415c-a80e-1a7a66923c14","source":"Embedded","id":"/providers/Microsoft.PowerApps/apis/shared_office365","tier":"NotSpecified"}},"flowFailureAlertSubscribed":false}}