{
    "$schema": "https://schema.management.azure.com/schemas/2019-04-01/deploymentTemplate.json#",
    "contentVersion": "1.0.0.0",
    "parameters": {
        "functionName": {
            "defaultValue": "MulesoftLogs",
            "type": "string",
            "metadata": {
                "description": "Specifies the name of the Function App."
            }
        },
        "organizationId": {
            "type": "string",
            "metadata": {
                "description": "Name of the organization to used in the API header."
            }
        },
        "apiEndpoint": {
            "type": "string",
            "metadata": {
                "description": "uri to the API endpoint to query data."
            }
        },
        "api-key": {
            "type": "securestring",
            "metadata": {
                "description": "Specifies Access Token to the API endpoint."
            }
        },
        "apiResponseLimit": {
            "type": "int",
            "metadata": {
                "description": "The results limit per call of the API endpoint."
            }
        },
        "workspaceId": {
            "type": "string",
            "metadata": {
                "description": "Specifies the Log Analytics workspace Id."
            }
        },
        "workspaceKey": {
            "type": "securestring",
            "metadata": {
                "description": "Specifies the Log Analytics workspace Key."
            }
        },
        "functionSchedule": {
            "type": "string",
            "defaultValue": "0 */15 * * * *",
            "metadata": {
                "description": "Provide schedule in the form of a [cron expression](https://en.wikipedia.org/wiki/Cron#CRON_expression)"
            }
        }
    },
    "variables": {
        "functionName": "[concat(toLower(parameters('functionName')), uniqueString(resourceGroup().id))]",
        "storageAccountName": "[concat(substring(variables('functionName'), 0, 20), 'sa')]",
        "keyVaultName": "[concat(substring(variables('functionName'), 0, 20), 'kv')]",
        "logAnalyticsWorkspaceKey": "LogAnalyticsWorkspaceKey",
        "storageContainerName": "custom-logs",
        "storageSuffix": "[environment().suffixes.storage]",
        "logAnaltyicsUri": "[replace(environment().portal, 'https://portal', concat('https://', toLower(parameters('WorkspaceId')), '.ods.opinsights'))]",
        "packageUri": "https://github.com/azurekid/blog/raw/master/mulesoft.zip"
    },
    "resources": [
        {
            "type": "Microsoft.Insights/components",
            "apiVersion": "2015-05-01",
            "name": "[variables('functionName')]",
            "location": "[resourceGroup().location]",
            "kind": "web",
            "properties": {
                "Application_Type": "web",
                "ApplicationId": "[variables('functionName')]"
            }
        },
        {
            "type": "Microsoft.Storage/storageAccounts",
            "apiVersion": "2019-06-01",
            "name": "[variables('storageAccountName')]",
            "location": "[resourceGroup().location]",
            "sku": {
                "name": "Standard_LRS",
                "tier": "Standard"
            },
            "kind": "StorageV2",
            "properties": {
                "networkAcls": {
                    "bypass": "AzureServices",
                    "virtualNetworkRules": [
                    ],
                    "ipRules": [
                    ],
                    "defaultAction": "Allow"
                },
                "supportsHttpsTrafficOnly": true,
                "encryption": {
                    "services": {
                        "file": {
                            "keyType": "Account",
                            "enabled": true
                        },
                        "blob": {
                            "keyType": "Account",
                            "enabled": true
                        }
                    },
                    "keySource": "Microsoft.Storage"
                }
            }
        },
        {
            "type": "Microsoft.Web/serverfarms",
            "apiVersion": "2018-02-01",
            "name": "[variables('functionName')]",
            "location": "[resourceGroup().location]",
            "sku": {
                "name": "Y1",
                "tier": "Dynamic"
            },
            "kind": "functionapp",
            "properties": {
                "name": "[variables('functionName')]",
                "workerSize": "0",
                "workerSizeId": "0",
                "numberOfWorkers": "1"
            }
        },
        {
            "type": "Microsoft.Storage/storageAccounts/blobServices",
            "apiVersion": "2019-06-01",
            "name": "[concat(variables('storageAccountName'), '/default')]",
            "dependsOn": [
                "[resourceId('Microsoft.Storage/storageAccounts', variables('storageAccountName'))]"
            ],
            "sku": {
                "name": "Standard_LRS",
                "tier": "Standard"
            },
            "properties": {
                "cors": {
                    "corsRules": [
                    ]
                },
                "deleteRetentionPolicy": {
                    "enabled": false
                }
            }
        },
        {
            "type": "Microsoft.Storage/storageAccounts/fileServices",
            "apiVersion": "2019-06-01",
            "name": "[concat(variables('storageAccountName'), '/default')]",
            "dependsOn": [
                "[resourceId('Microsoft.Storage/storageAccounts', variables('storageAccountName'))]"
            ],
            "sku": {
                "name": "Standard_LRS",
                "tier": "Standard"
            },
            "properties": {
                "cors": {
                    "corsRules": [
                    ]
                }
            }
        },
        {
            "type": "Microsoft.Web/sites",
            "apiVersion": "2018-11-01",
            "name": "[variables('functionName')]",
            "location": "[resourceGroup().location]",
            "dependsOn": [
                "[resourceId('Microsoft.Storage/storageAccounts', variables('storageAccountName'))]",
                "[resourceId('Microsoft.Web/serverfarms', variables('functionName'))]",
                "[resourceId('Microsoft.Insights/components', variables('functionName'))]"
            ],
            "kind": "functionapp",
            "identity": {
                "type": "SystemAssigned"
            },
            "properties": {
                "name": "[variables('FunctionName')]",
                "serverFarmId": "[resourceId('Microsoft.Web/serverfarms', variables('functionName'))]",
                "httpsOnly": true,
                "clientAffinityEnabled": true,
                "alwaysOn": true,
                "siteConfig": {
                    "powerShellVersion": "~7"
                }
            },
            "resources": [
                {
                    "apiVersion": "2018-11-01",
                    "type": "config",
                    "name": "appsettings",
                    "dependsOn": [
                        "[concat('Microsoft.Web/sites/', variables('functionName'))]",
                        "[resourceId('Microsoft.KeyVault/vaults/', variables('keyVaultName'))]",
                        "[resourceId('Microsoft.KeyVault/vaults/secrets', variables('keyVaultName'), parameters('api-key'))]",
                        "[resourceId('Microsoft.KeyVault/vaults/secrets', variables('keyVaultName'), variables('logAnalyticsWorkspaceKey'))]"
                    ],
                    "properties": {
                        "FUNCTIONS_EXTENSION_VERSION": "~3",
                        "FUNCTIONS_WORKER_RUNTIME": "powershell",
                        "APPINSIGHTS_INSTRUMENTATIONKEY": "[reference(resourceId('Microsoft.insights/components', variables('functionName')), '2015-05-01').InstrumentationKey]",
                        "APPLICATIONINSIGHTS_CONNECTION_STRING": "[reference(resourceId('microsoft.insights/components', variables('functionName')), '2015-05-01').ConnectionString]",
                        "AzureWebJobsStorage": "[concat('DefaultEndpointsProtocol=https;AccountName=', toLower(variables('storageAccountName')),';AccountKey=',listKeys(resourceId('Microsoft.Storage/storageAccounts', variables('storageAccountName')), '2019-06-01').keys[0].value, ';EndpointSuffix=',toLower(variables('storageSuffix')))]",
                        "WEBSITE_CONTENTAZUREFILECONNECTIONSTRING": "[concat('DefaultEndpointsProtocol=https;AccountName=', toLower(variables('storageAccountName')),';AccountKey=', listKeys(resourceId('Microsoft.Storage/storageAccounts', variables('storageAccountName')), '2019-06-01').keys[0].value, ';EndpointSuffix=',toLower(variables('storageSuffix')))]",
                        "WEBSITE_CONTENTSHARE": "[toLower(variables('functionName'))]",
                        "apiKey": "[concat('@Microsoft.KeyVault(SecretUri=', reference(parameters('api-key')).SecretUri, ')')]",
                        "organizationId": "[parameters('OrganizationId')]",
                        "workspaceId": "[parameters('WorkspaceId')]",
                        "workspaceKey": "[concat('@Microsoft.KeyVault(SecretUri=', reference(variables('logAnalyticsWorkspaceKey')).SecretUri, ')')]",
                        "schedule": "[parameters('functionSchedule')]",
                        "laUri": "[variables('LogAnaltyicsUri')]",
                        "WEBSITE_RUN_FROM_PACKAGE": "[variables('packageUri')]",
                        "apiEndpoint": "[parameters('apiEndpoint')]",
                        "apiResponseLimit": "[parameters('apiResponseLimit')]"
                    }
                }
            ]
        },
        {
            "type": "Microsoft.KeyVault/vaults",
            "apiVersion": "2016-10-01",
            "name": "[variables('keyVaultName')]",
            "location": "[resourceGroup().location]",
            "dependsOn": [
                "[resourceId('Microsoft.Web/sites', variables('functionName'))]"
            ],
            "properties": {
                "sku": {
                    "family": "A",
                    "name": "Standard"
                },
                "tenantId": "[subscription().tenantId]",
                "accessPolicies": [
                    {
                        "tenantId": "[subscription().tenantId]",
                        "objectId": "[reference(resourceId('Microsoft.Web/sites', variables('functionName')),'2019-08-01', 'full').identity.principalId]",
                        "permissions": {
                            "secrets": [
                                "get",
                                "list"
                            ]
                        }
                    }
                ],
                "enabledForDeployment": false,
                "enabledForDiskEncryption": false,
                "enabledForTemplateDeployment": true,
                "enableSoftDelete": true
            },
            "resources": [
                {
                    "type": "secrets",
                    "apiVersion": "2016-10-01",
                    "name": "[parameters('api-key')]",
                    "dependsOn": [
                        "[resourceId('Microsoft.KeyVault/vaults/', variables('keyVaultName'))]"
                    ],
                    "properties": {
                        "value": "[parameters('api-key')]",
                        "contentType": "string",
                        "attributes": {
                            "enabled": true
                        }
                    }
                },
                {
                    "type": "secrets",
                    "apiVersion": "2016-10-01",
                    "name": "[variables('logAnalyticsWorkspaceKey')]",
                    "dependsOn": [
                        "[resourceId('Microsoft.KeyVault/vaults/', variables('keyVaultName'))]"
                    ],
                    "properties": {
                        "value": "[parameters('workspaceKey')]",
                        "contentType": "string",
                        "attributes": {
                            "enabled": true
                        }
                    }
                }
            ]
        },
        {
            "type": "Microsoft.Storage/storageAccounts/blobServices/containers",
            "apiVersion": "2019-06-01",
            "name": "[concat(variables('storageAccountName'), '/default/azure-webjobs-hosts')]",
            "dependsOn": [
                "[resourceId('Microsoft.Storage/storageAccounts/blobServices', variables('storageAccountName'), 'default')]",
                "[resourceId('Microsoft.Storage/storageAccounts', variables('storageAccountName'))]"
            ],
            "properties": {
                "publicAccess": "None"
            }
        },
        {
            "type": "Microsoft.Storage/storageAccounts/blobServices/containers",
            "apiVersion": "2019-06-01",
            "name": "[concat(variables('storageAccountName'), '/default/azure-webjobs-secrets')]",
            "dependsOn": [
                "[resourceId('Microsoft.Storage/storageAccounts/blobServices', variables('storageAccountName'), 'default')]",
                "[resourceId('Microsoft.Storage/storageAccounts', variables('storageAccountName'))]"
            ],
            "properties": {
                "publicAccess": "None"
            }
        },
        {
            "type": "Microsoft.Storage/storageAccounts/blobServices/containers",
            "apiVersion": "2019-06-01",
            "name": "[concat(variables('storageAccountName'), concat('/default/', variables('storageContainerName')))]",
            "dependsOn": [
                "[resourceId('Microsoft.Storage/storageAccounts/blobServices', variables('storageAccountName'), 'default')]",
                "[resourceId('Microsoft.Storage/storageAccounts', variables('storageAccountName'))]"
            ],
            "properties": {
                "publicAccess": "None"
            }
        },
        {
            "type": "Microsoft.Storage/storageAccounts/fileServices/shares",
            "apiVersion": "2019-06-01",
            "name": "[concat(variables('storageAccountName'), '/default/', tolower(variables('storageAccountName')))]",
            "dependsOn": [
                "[resourceId('Microsoft.Storage/storageAccounts/fileServices', variables('storageAccountName'), 'default')]",
                "[resourceId('Microsoft.Storage/storageAccounts', variables('storageAccountName'))]"
            ],
            "properties": {
                "shareQuota": 5120
            }
        }
    ]
}