<Objs Version="1.1.0.1" xmlns="http://schemas.microsoft.com/powershell/2004/04">
  <Obj RefId="0">
    <TN RefId="0">
      <T>Microsoft.PowerShell.Commands.PSRepositoryItemInfo</T>
      <T>System.Management.Automation.PSCustomObject</T>
      <T>System.Object</T>
    </TN>
    <MS>
      <S N="Name">Az.Resources</S>
      <S N="Version">5.4.0</S>
      <S N="Type">Module</S>
      <S N="Description">Microsoft Azure PowerShell - Azure Resource Manager and Active Directory cmdlets in Windows PowerShell and PowerShell Core.  Manages subscriptions, tenants, resource groups, deployment templates, providers, and resource permissions in Azure Resource Manager.  Provides cmdlets for managing resources generically across resource providers._x000D__x000A__x000D__x000A_For more information on Resource Manager, please visit the following: https://docs.microsoft.com/azure/azure-resource-manager/_x000D__x000A_For more information on Active Directory, please visit the following: https://docs.microsoft.com/azure/active-directory/fundamentals/active-directory-whatis</S>
      <S N="Author">Microsoft Corporation</S>
      <S N="CompanyName">azure-sdk</S>
      <S N="Copyright">Microsoft Corporation. All rights reserved.</S>
      <DT N="PublishedDate">2022-03-01T08:19:21+01:00</DT>
      <Nil N="InstalledDate" />
      <Nil N="UpdatedDate" />
      <URI N="LicenseUri">https://aka.ms/azps-license</URI>
      <URI N="ProjectUri">https://github.com/Azure/azure-powershell</URI>
      <Nil N="IconUri" />
      <Obj N="Tags" RefId="1">
        <TN RefId="1">
          <T>System.Object[]</T>
          <T>System.Array</T>
          <T>System.Object</T>
        </TN>
        <LST>
          <S>Azure</S>
          <S>ResourceManager</S>
          <S>ARM</S>
          <S>Provider</S>
          <S>ResourceGroup</S>
          <S>Deployment</S>
          <S>ActiveDirectory</S>
          <S>Authorization</S>
          <S>Management</S>
          <S>ManagementGroups</S>
          <S>Tags</S>
          <S>PSModule</S>
          <S>PSEdition_Core</S>
          <S>PSEdition_Desktop</S>
        </LST>
      </Obj>
      <Obj N="Includes" RefId="2">
        <TN RefId="2">
          <T>System.Collections.Hashtable</T>
          <T>System.Object</T>
        </TN>
        <DCT>
          <En>
            <S N="Key">Command</S>
            <Obj N="Value" RefId="3">
              <TNRef RefId="1" />
              <LST>
                <S>Get-AzProviderOperation</S>
                <S>Remove-AzRoleAssignment</S>
                <S>Get-AzRoleAssignment</S>
                <S>New-AzRoleAssignment</S>
                <S>Set-AzRoleAssignment</S>
                <S>Get-AzRoleDefinition</S>
                <S>New-AzRoleDefinition</S>
                <S>Set-AzRoleDefinition</S>
                <S>Remove-AzRoleDefinition</S>
                <S>Remove-AzResourceGroup</S>
                <S>Get-AzProviderFeature</S>
                <S>Register-AzProviderFeature</S>
                <S>Unregister-AzProviderFeature</S>
                <S>Get-AzProviderPreviewFeature</S>
                <S>Register-AzProviderPreviewFeature</S>
                <S>Unregister-AzProviderPreviewFeature</S>
                <S>Get-AzLocation</S>
                <S>Export-AzResourceGroup</S>
                <S>Get-AzResourceProvider</S>
                <S>Register-AzResourceProvider</S>
                <S>Unregister-AzResourceProvider</S>
                <S>Get-AzResourceGroupDeployment</S>
                <S>New-AzResourceGroupDeployment</S>
                <S>Remove-AzResourceGroupDeployment</S>
                <S>Stop-AzResourceGroupDeployment</S>
                <S>Test-AzResourceGroupDeployment</S>
                <S>Set-AzResourceGroup</S>
                <S>New-AzResourceGroup</S>
                <S>Get-AzResourceGroup</S>
                <S>Save-AzResourceGroupDeploymentTemplate</S>
                <S>Get-AzResourceGroupDeploymentOperation</S>
                <S>Get-AzResourceLock</S>
                <S>Invoke-AzResourceAction</S>
                <S>Move-AzResource</S>
                <S>New-AzResourceLock</S>
                <S>Get-AzPolicyAssignment</S>
                <S>Get-AzPolicyDefinition</S>
                <S>Get-AzPolicySetDefinition</S>
                <S>Get-AzPolicyExemption</S>
                <S>New-AzPolicyAssignment</S>
                <S>New-AzPolicyDefinition</S>
                <S>New-AzPolicySetDefinition</S>
                <S>New-AzPolicyExemption</S>
                <S>Remove-AzPolicyAssignment</S>
                <S>Remove-AzPolicyDefinition</S>
                <S>Remove-AzPolicySetDefinition</S>
                <S>Remove-AzPolicyExemption</S>
                <S>Set-AzPolicyAssignment</S>
                <S>Set-AzPolicyDefinition</S>
                <S>Set-AzPolicySetDefinition</S>
                <S>Set-AzPolicyExemption</S>
                <S>Remove-AzResource</S>
                <S>Remove-AzResourceLock</S>
                <S>Set-AzResource</S>
                <S>New-AzResource</S>
                <S>Set-AzResourceLock</S>
                <S>Get-AzResource</S>
                <S>Get-AzManagedApplicationDefinition</S>
                <S>New-AzManagedApplicationDefinition</S>
                <S>Set-AzManagedApplicationDefinition</S>
                <S>Remove-AzManagedApplicationDefinition</S>
                <S>Get-AzManagedApplication</S>
                <S>New-AzManagedApplication</S>
                <S>Set-AzManagedApplication</S>
                <S>Remove-AzManagedApplication</S>
                <S>Get-AzManagementGroup</S>
                <S>New-AzManagementGroup</S>
                <S>Update-AzManagementGroup</S>
                <S>Remove-AzManagementGroup</S>
                <S>New-AzManagementGroupSubscription</S>
                <S>Remove-AzManagementGroupSubscription</S>
                <S>New-AzDeployment</S>
                <S>Get-AzDeployment</S>
                <S>Test-AzDeployment</S>
                <S>Remove-AzDeployment</S>
                <S>Stop-AzDeployment</S>
                <S>Save-AzDeploymentTemplate</S>
                <S>Get-AzDeploymentOperation</S>
                <S>Get-AzManagementGroupDeployment</S>
                <S>Test-AzManagementGroupDeployment</S>
                <S>New-AzManagementGroupDeployment</S>
                <S>Get-AzManagementGroupDeploymentOperation</S>
                <S>Save-AzManagementGroupDeploymentTemplate</S>
                <S>Stop-AzManagementGroupDeployment</S>
                <S>Remove-AzManagementGroupDeployment</S>
                <S>Get-AzTenantDeployment</S>
                <S>Test-AzTenantDeployment</S>
                <S>New-AzTenantDeployment</S>
                <S>Get-AzTenantDeploymentOperation</S>
                <S>Save-AzTenantDeploymentTemplate</S>
                <S>Stop-AzTenantDeployment</S>
                <S>Remove-AzTenantDeployment</S>
                <S>Get-AzPolicyAlias</S>
                <S>Remove-AzTag</S>
                <S>Get-AzTag</S>
                <S>New-AzTag</S>
                <S>Get-AzDenyAssignment</S>
                <S>Update-AzTag</S>
                <S>Get-AzDeploymentScript</S>
                <S>Get-AzDeploymentScriptLog</S>
                <S>Save-AzDeploymentScriptLog</S>
                <S>Remove-AzDeploymentScript</S>
                <S>Get-AzDeploymentWhatIfResult</S>
                <S>Get-AzResourceGroupDeploymentWhatIfResult</S>
                <S>Get-AzManagementGroupDeploymentWhatIfResult</S>
                <S>Get-AzTenantDeploymentWhatIfResult</S>
                <S>Get-AzTemplateSpec</S>
                <S>New-AzTemplateSpec</S>
                <S>Set-AzTemplateSpec</S>
                <S>Export-AzTemplateSpec</S>
                <S>Remove-AzTemplateSpec</S>
                <S>Publish-AzBicepModule</S>
                <S>Add-AzADAppPermission</S>
                <S>Add-AzADGroupMember</S>
                <S>Get-AzADAppCredential</S>
                <S>Get-AzADApplication</S>
                <S>Get-AzADAppPermission</S>
                <S>Get-AzADGroup</S>
                <S>Get-AzADGroupMember</S>
                <S>Get-AzADServicePrincipal</S>
                <S>Get-AzADSpCredential</S>
                <S>Get-AzADUser</S>
                <S>New-AzADAppCredential</S>
                <S>New-AzADApplication</S>
                <S>New-AzADGroup</S>
                <S>New-AzADServicePrincipal</S>
                <S>New-AzADSpCredential</S>
                <S>New-AzADUser</S>
                <S>Remove-AzADAppCredential</S>
                <S>Remove-AzADApplication</S>
                <S>Remove-AzADAppPermission</S>
                <S>Remove-AzADGroup</S>
                <S>Remove-AzADGroupMember</S>
                <S>Remove-AzADServicePrincipal</S>
                <S>Remove-AzADSpCredential</S>
                <S>Remove-AzADUser</S>
                <S>Update-AzADApplication</S>
                <S>Update-AzADServicePrincipal</S>
                <S>Update-AzADUser</S>
              </LST>
            </Obj>
          </En>
          <En>
            <S N="Key">RoleCapability</S>
            <Obj N="Value" RefId="4">
              <TNRef RefId="1" />
              <LST />
            </Obj>
          </En>
          <En>
            <S N="Key">DscResource</S>
            <Ref N="Value" RefId="4" />
          </En>
          <En>
            <S N="Key">Function</S>
            <Obj N="Value" RefId="5">
              <TNRef RefId="1" />
              <LST>
                <S>Add-AzADAppPermission</S>
                <S>Add-AzADGroupMember</S>
                <S>Get-AzADAppCredential</S>
                <S>Get-AzADApplication</S>
                <S>Get-AzADAppPermission</S>
                <S>Get-AzADGroup</S>
                <S>Get-AzADGroupMember</S>
                <S>Get-AzADServicePrincipal</S>
                <S>Get-AzADSpCredential</S>
                <S>Get-AzADUser</S>
                <S>New-AzADAppCredential</S>
                <S>New-AzADApplication</S>
                <S>New-AzADGroup</S>
                <S>New-AzADServicePrincipal</S>
                <S>New-AzADSpCredential</S>
                <S>New-AzADUser</S>
                <S>Remove-AzADAppCredential</S>
                <S>Remove-AzADApplication</S>
                <S>Remove-AzADAppPermission</S>
                <S>Remove-AzADGroup</S>
                <S>Remove-AzADGroupMember</S>
                <S>Remove-AzADServicePrincipal</S>
                <S>Remove-AzADSpCredential</S>
                <S>Remove-AzADUser</S>
                <S>Update-AzADApplication</S>
                <S>Update-AzADServicePrincipal</S>
                <S>Update-AzADUser</S>
              </LST>
            </Obj>
          </En>
          <En>
            <S N="Key">Cmdlet</S>
            <Obj N="Value" RefId="6">
              <TNRef RefId="1" />
              <LST>
                <S>Get-AzProviderOperation</S>
                <S>Remove-AzRoleAssignment</S>
                <S>Get-AzRoleAssignment</S>
                <S>New-AzRoleAssignment</S>
                <S>Set-AzRoleAssignment</S>
                <S>Get-AzRoleDefinition</S>
                <S>New-AzRoleDefinition</S>
                <S>Set-AzRoleDefinition</S>
                <S>Remove-AzRoleDefinition</S>
                <S>Remove-AzResourceGroup</S>
                <S>Get-AzProviderFeature</S>
                <S>Register-AzProviderFeature</S>
                <S>Unregister-AzProviderFeature</S>
                <S>Get-AzProviderPreviewFeature</S>
                <S>Register-AzProviderPreviewFeature</S>
                <S>Unregister-AzProviderPreviewFeature</S>
                <S>Get-AzLocation</S>
                <S>Export-AzResourceGroup</S>
                <S>Get-AzResourceProvider</S>
                <S>Register-AzResourceProvider</S>
                <S>Unregister-AzResourceProvider</S>
                <S>Get-AzResourceGroupDeployment</S>
                <S>New-AzResourceGroupDeployment</S>
                <S>Remove-AzResourceGroupDeployment</S>
                <S>Stop-AzResourceGroupDeployment</S>
                <S>Test-AzResourceGroupDeployment</S>
                <S>Set-AzResourceGroup</S>
                <S>New-AzResourceGroup</S>
                <S>Get-AzResourceGroup</S>
                <S>Save-AzResourceGroupDeploymentTemplate</S>
                <S>Get-AzResourceGroupDeploymentOperation</S>
                <S>Get-AzResourceLock</S>
                <S>Invoke-AzResourceAction</S>
                <S>Move-AzResource</S>
                <S>New-AzResourceLock</S>
                <S>Get-AzPolicyAssignment</S>
                <S>Get-AzPolicyDefinition</S>
                <S>Get-AzPolicySetDefinition</S>
                <S>Get-AzPolicyExemption</S>
                <S>New-AzPolicyAssignment</S>
                <S>New-AzPolicyDefinition</S>
                <S>New-AzPolicySetDefinition</S>
                <S>New-AzPolicyExemption</S>
                <S>Remove-AzPolicyAssignment</S>
                <S>Remove-AzPolicyDefinition</S>
                <S>Remove-AzPolicySetDefinition</S>
                <S>Remove-AzPolicyExemption</S>
                <S>Set-AzPolicyAssignment</S>
                <S>Set-AzPolicyDefinition</S>
                <S>Set-AzPolicySetDefinition</S>
                <S>Set-AzPolicyExemption</S>
                <S>Remove-AzResource</S>
                <S>Remove-AzResourceLock</S>
                <S>Set-AzResource</S>
                <S>New-AzResource</S>
                <S>Set-AzResourceLock</S>
                <S>Get-AzResource</S>
                <S>Get-AzManagedApplicationDefinition</S>
                <S>New-AzManagedApplicationDefinition</S>
                <S>Set-AzManagedApplicationDefinition</S>
                <S>Remove-AzManagedApplicationDefinition</S>
                <S>Get-AzManagedApplication</S>
                <S>New-AzManagedApplication</S>
                <S>Set-AzManagedApplication</S>
                <S>Remove-AzManagedApplication</S>
                <S>Get-AzManagementGroup</S>
                <S>New-AzManagementGroup</S>
                <S>Update-AzManagementGroup</S>
                <S>Remove-AzManagementGroup</S>
                <S>New-AzManagementGroupSubscription</S>
                <S>Remove-AzManagementGroupSubscription</S>
                <S>New-AzDeployment</S>
                <S>Get-AzDeployment</S>
                <S>Test-AzDeployment</S>
                <S>Remove-AzDeployment</S>
                <S>Stop-AzDeployment</S>
                <S>Save-AzDeploymentTemplate</S>
                <S>Get-AzDeploymentOperation</S>
                <S>Get-AzManagementGroupDeployment</S>
                <S>Test-AzManagementGroupDeployment</S>
                <S>New-AzManagementGroupDeployment</S>
                <S>Get-AzManagementGroupDeploymentOperation</S>
                <S>Save-AzManagementGroupDeploymentTemplate</S>
                <S>Stop-AzManagementGroupDeployment</S>
                <S>Remove-AzManagementGroupDeployment</S>
                <S>Get-AzTenantDeployment</S>
                <S>Test-AzTenantDeployment</S>
                <S>New-AzTenantDeployment</S>
                <S>Get-AzTenantDeploymentOperation</S>
                <S>Save-AzTenantDeploymentTemplate</S>
                <S>Stop-AzTenantDeployment</S>
                <S>Remove-AzTenantDeployment</S>
                <S>Get-AzPolicyAlias</S>
                <S>Remove-AzTag</S>
                <S>Get-AzTag</S>
                <S>New-AzTag</S>
                <S>Get-AzDenyAssignment</S>
                <S>Update-AzTag</S>
                <S>Get-AzDeploymentScript</S>
                <S>Get-AzDeploymentScriptLog</S>
                <S>Save-AzDeploymentScriptLog</S>
                <S>Remove-AzDeploymentScript</S>
                <S>Get-AzDeploymentWhatIfResult</S>
                <S>Get-AzResourceGroupDeploymentWhatIfResult</S>
                <S>Get-AzManagementGroupDeploymentWhatIfResult</S>
                <S>Get-AzTenantDeploymentWhatIfResult</S>
                <S>Get-AzTemplateSpec</S>
                <S>New-AzTemplateSpec</S>
                <S>Set-AzTemplateSpec</S>
                <S>Export-AzTemplateSpec</S>
                <S>Remove-AzTemplateSpec</S>
                <S>Publish-AzBicepModule</S>
              </LST>
            </Obj>
          </En>
          <En>
            <S N="Key">Workflow</S>
            <Ref N="Value" RefId="4" />
          </En>
        </DCT>
      </Obj>
      <Nil N="PowerShellGetFormatVersion" />
      <S N="ReleaseNotes">* Fixed keycredential key format, from base64url to byte [#17131]_x000D__x000A_* Fixed add key credential overwrite existing one [#17088]_x000D__x000A_* Deleted parameter sets cannot be reached for 'New-AzADSericePrincipal'_x000D__x000A_* Marked 'ObjectType' as 'Unknown' if object is not found or current account has insufficient privileges to get object type for role assignment [#16981]_x000D__x000A_* Fixed that 'Get-AzRoleAssignment' shows empty RoleDefinitionName for custom roles when not specifying scope [#16991]_x000D__x000A_* Unified the returned 'RoleDefinitionId' in PSRoleAssignment to GUID [#16991]</S>
      <Obj N="Dependencies" RefId="7">
        <TNRef RefId="1" />
        <LST>
          <Obj RefId="8">
            <TN RefId="3">
              <T>System.Collections.Specialized.OrderedDictionary</T>
              <T>System.Object</T>
            </TN>
            <DCT>
              <En>
                <S N="Key">Name</S>
                <S N="Value">Az.Accounts</S>
              </En>
              <En>
                <S N="Key">MinimumVersion</S>
                <S N="Value">2.7.1</S>
              </En>
              <En>
                <S N="Key">CanonicalId</S>
                <S N="Value">nuget:Az.Accounts/2.7.1</S>
              </En>
            </DCT>
          </Obj>
        </LST>
      </Obj>
      <S N="RepositorySourceLocation">https://www.powershellgallery.com/api/v2</S>
      <S N="Repository">PSGallery</S>
      <S N="PackageManagementProvider">NuGet</S>
      <Obj N="AdditionalMetadata" RefId="9">
        <TN RefId="4">
          <T>System.Management.Automation.PSCustomObject</T>
          <T>System.Object</T>
        </TN>
        <MS>
          <S N="copyright">Microsoft Corporation. All rights reserved.</S>
          <S N="description">Microsoft Azure PowerShell - Azure Resource Manager and Active Directory cmdlets in Windows PowerShell and PowerShell Core.  Manages subscriptions, tenants, resource groups, deployment templates, providers, and resource permissions in Azure Resource Manager.  Provides cmdlets for managing resources generically across resource providers._x000D__x000A__x000D__x000A_For more information on Resource Manager, please visit the following: https://docs.microsoft.com/azure/azure-resource-manager/_x000D__x000A_For more information on Active Directory, please visit the following: https://docs.microsoft.com/azure/active-directory/fundamentals/active-directory-whatis</S>
          <S N="requireLicenseAcceptance">True</S>
          <S N="releaseNotes">* Fixed keycredential key format, from base64url to byte [#17131]_x000D__x000A_* Fixed add key credential overwrite existing one [#17088]_x000D__x000A_* Deleted parameter sets cannot be reached for 'New-AzADSericePrincipal'_x000D__x000A_* Marked 'ObjectType' as 'Unknown' if object is not found or current account has insufficient privileges to get object type for role assignment [#16981]_x000D__x000A_* Fixed that 'Get-AzRoleAssignment' shows empty RoleDefinitionName for custom roles when not specifying scope [#16991]_x000D__x000A_* Unified the returned 'RoleDefinitionId' in PSRoleAssignment to GUID [#16991]</S>
          <S N="isLatestVersion">True</S>
          <S N="isAbsoluteLatestVersion">True</S>
          <S N="versionDownloadCount">728201</S>
          <S N="downloadCount">36014976</S>
          <S N="packageSize">2250539</S>
          <S N="published">3/1/2022 8:19:21 AM +01:00</S>
          <S N="created">3/1/2022 8:19:21 AM +01:00</S>
          <S N="lastUpdated">3/26/2022 6:39:04 AM +01:00</S>
          <S N="tags">Azure ResourceManager ARM Provider ResourceGroup Deployment ActiveDirectory Authorization Management ManagementGroups Tags PSModule PSEdition_Core PSEdition_Desktop PSCmdlet_Get-AzProviderOperation PSCommand_Get-AzProviderOperation PSCmdlet_Remove-AzRoleAssignment PSCommand_Remove-AzRoleAssignment PSCmdlet_Get-AzRoleAssignment PSCommand_Get-AzRoleAssignment PSCmdlet_New-AzRoleAssignment PSCommand_New-AzRoleAssignment PSCmdlet_Set-AzRoleAssignment PSCommand_Set-AzRoleAssignment PSCmdlet_Get-AzRoleDefinition PSCommand_Get-AzRoleDefinition PSCmdlet_New-AzRoleDefinition PSCommand_New-AzRoleDefinition PSCmdlet_Set-AzRoleDefinition PSCommand_Set-AzRoleDefinition PSCmdlet_Remove-AzRoleDefinition PSCommand_Remove-AzRoleDefinition PSCmdlet_Remove-AzResourceGroup PSCommand_Remove-AzResourceGroup PSCmdlet_Get-AzProviderFeature PSCommand_Get-AzProviderFeature PSCmdlet_Register-AzProviderFeature PSCommand_Register-AzProviderFeature PSCmdlet_Unregister-AzProviderFeature PSCommand_Unregister-AzProviderFeature PSCmdlet_Get-AzProviderPreviewFeature PSCommand_Get-AzProviderPreviewFeature PSCmdlet_Register-AzProviderPreviewFeature PSCommand_Register-AzProviderPreviewFeature PSCmdlet_Unregister-AzProviderPreviewFeature PSCommand_Unregister-AzProviderPreviewFeature PSCmdlet_Get-AzLocation PSCommand_Get-AzLocation PSCmdlet_Export-AzResourceGroup PSCommand_Export-AzResourceGroup PSCmdlet_Get-AzResourceProvider PSCommand_Get-AzResourceProvider PSCmdlet_Register-AzResourceProvider PSCommand_Register-AzResourceProvider PSCmdlet_Unregister-AzResourceProvider PSCommand_Unregister-AzResourceProvider PSCmdlet_Get-AzResourceGroupDeployment PSCommand_Get-AzResourceGroupDeployment PSCmdlet_New-AzResourceGroupDeployment PSCommand_New-AzResourceGroupDeployment PSCmdlet_Remove-AzResourceGroupDeployment PSCommand_Remove-AzResourceGroupDeployment PSCmdlet_Stop-AzResourceGroupDeployment PSCommand_Stop-AzResourceGroupDeployment PSCmdlet_Test-AzResourceGroupDeployment PSCommand_Test-AzResourceGroupDeployment PSCmdlet_Set-AzResourceGroup PSCommand_Set-AzResourceGroup PSCmdlet_New-AzResourceGroup PSCommand_New-AzResourceGroup PSCmdlet_Get-AzResourceGroup PSCommand_Get-AzResourceGroup PSCmdlet_Save-AzResourceGroupDeploymentTemplate PSCommand_Save-AzResourceGroupDeploymentTemplate PSCmdlet_Get-AzResourceGroupDeploymentOperation PSCommand_Get-AzResourceGroupDeploymentOperation PSCmdlet_Get-AzResourceLock PSCommand_Get-AzResourceLock PSCmdlet_Invoke-AzResourceAction PSCommand_Invoke-AzResourceAction PSCmdlet_Move-AzResource PSCommand_Move-AzResource PSCmdlet_New-AzResourceLock PSCommand_New-AzResourceLock PSCmdlet_Get-AzPolicyAssignment PSCommand_Get-AzPolicyAssignment PSCmdlet_Get-AzPolicyDefinition PSCommand_Get-AzPolicyDefinition PSCmdlet_Get-AzPolicySetDefinition PSCommand_Get-AzPolicySetDefinition PSCmdlet_Get-AzPolicyExemption PSCommand_Get-AzPolicyExemption PSCmdlet_New-AzPolicyAssignment PSCommand_New-AzPolicyAssignment PSCmdlet_New-AzPolicyDefinition PSCommand_New-AzPolicyDefinition PSCmdlet_New-AzPolicySetDefinition PSCommand_New-AzPolicySetDefinition PSCmdlet_New-AzPolicyExemption PSCommand_New-AzPolicyExemption PSCmdlet_Remove-AzPolicyAssignment PSCommand_Remove-AzPolicyAssignment PSCmdlet_Remove-AzPolicyDefinition PSCommand_Remove-AzPolicyDefinition PSCmdlet_Remove-AzPolicySetDefinition PSCommand_Remove-AzPolicySetDefinition PSCmdlet_Remove-AzPolicyExemption PSCommand_Remove-AzPolicyExemption PSCmdlet_Set-AzPolicyAssignment PSCommand_Set-AzPolicyAssignment PSCmdlet_Set-AzPolicyDefinition PSCommand_Set-AzPolicyDefinition PSCmdlet_Set-AzPolicySetDefinition PSCommand_Set-AzPolicySetDefinition PSCmdlet_Set-AzPolicyExemption PSCommand_Set-AzPolicyExemption PSCmdlet_Remove-AzResource PSCommand_Remove-AzResource PSCmdlet_Remove-AzResourceLock PSCommand_Remove-AzResourceLock PSCmdlet_Set-AzResource PSCommand_Set-AzResource PSCmdlet_New-AzResource PSCommand_New-AzResource PSCmdlet_Set-AzResourceLock PSCommand_Set-AzResourceLock PSCmdlet_Get-AzResource PSCommand_Get-AzResource PSCmdlet_Get-AzManagedApplicationDefinition PSCommand_Get-AzManagedApplicationDefinition PSCmdlet_New-AzManagedApplicationDefinition PSCommand_New-AzManagedApplicationDefinition PSCmdlet_Set-AzManagedApplicationDefinition PSCommand_Set-AzManagedApplicationDefinition PSCmdlet_Remove-AzManagedApplicationDefinition PSCommand_Remove-AzManagedApplicationDefinition PSCmdlet_Get-AzManagedApplication PSCommand_Get-AzManagedApplication PSCmdlet_New-AzManagedApplication PSCommand_New-AzManagedApplication PSCmdlet_Set-AzManagedApplication PSCommand_Set-AzManagedApplication PSCmdlet_Remove-AzManagedApplication PSCommand_Remove-AzManagedApplication PSCmdlet_Get-AzManagementGroup PSCommand_Get-AzManagementGroup PSCmdlet_New-AzManagementGroup PSCommand_New-AzManagementGroup PSCmdlet_Update-AzManagementGroup PSCommand_Update-AzManagementGroup PSCmdlet_Remove-AzManagementGroup PSCommand_Remove-AzManagementGroup PSCmdlet_New-AzManagementGroupSubscription PSCommand_New-AzManagementGroupSubscription PSCmdlet_Remove-AzManagementGroupSubscription PSCommand_Remove-AzManagementGroupSubscription PSCmdlet_New-AzDeployment PSCommand_New-AzDeployment PSCmdlet_Get-AzDeployment PSCommand_Get-AzDeployment PSCmdlet_Test-AzDeployment PSCommand_Test-AzDeployment PSCmdlet_Remove-AzDeployment PSCommand_Remove-AzDeployment PSCmdlet_Stop-AzDeployment PSCommand_Stop-AzDeployment PSCmdlet_Save-AzDeploymentTemplate PSCommand_Save-AzDeploymentTemplate PSCmdlet_Get-AzDeploymentOperation PSCommand_Get-AzDeploymentOperation PSCmdlet_Get-AzManagementGroupDeployment PSCommand_Get-AzManagementGroupDeployment PSCmdlet_Test-AzManagementGroupDeployment PSCommand_Test-AzManagementGroupDeployment PSCmdlet_New-AzManagementGroupDeployment PSCommand_New-AzManagementGroupDeployment PSCmdlet_Get-AzManagementGroupDeploymentOperation PSCommand_Get-AzManagementGroupDeploymentOperation PSCmdlet_Save-AzManagementGroupDeploymentTemplate PSCommand_Save-AzManagementGroupDeploymentTemplate PSCmdlet_Stop-AzManagementGroupDeployment PSCommand_Stop-AzManagementGroupDeployment PSCmdlet_Remove-AzManagementGroupDeployment PSCommand_Remove-AzManagementGroupDeployment PSCmdlet_Get-AzTenantDeployment PSCommand_Get-AzTenantDeployment PSCmdlet_Test-AzTenantDeployment PSCommand_Test-AzTenantDeployment PSCmdlet_New-AzTenantDeployment PSCommand_New-AzTenantDeployment PSCmdlet_Get-AzTenantDeploymentOperation PSCommand_Get-AzTenantDeploymentOperation PSCmdlet_Save-AzTenantDeploymentTemplate PSCommand_Save-AzTenantDeploymentTemplate PSCmdlet_Stop-AzTenantDeployment PSCommand_Stop-AzTenantDeployment PSCmdlet_Remove-AzTenantDeployment PSCommand_Remove-AzTenantDeployment PSCmdlet_Get-AzPolicyAlias PSCommand_Get-AzPolicyAlias PSCmdlet_Remove-AzTag PSCommand_Remove-AzTag PSCmdlet_Get-AzTag PSCommand_Get-AzTag PSCmdlet_New-AzTag PSCommand_New-AzTag PSCmdlet_Get-AzDenyAssignment PSCommand_Get-AzDenyAssignment PSCmdlet_Update-AzTag PSCommand_Update-AzTag PSCmdlet_Get-AzDeploymentScript PSCommand_Get-AzDeploymentScript PSCmdlet_Get-AzDeploymentScriptLog PSCommand_Get-AzDeploymentScriptLog PSCmdlet_Save-AzDeploymentScriptLog PSCommand_Save-AzDeploymentScriptLog PSCmdlet_Remove-AzDeploymentScript PSCommand_Remove-AzDeploymentScript PSCmdlet_Get-AzDeploymentWhatIfResult PSCommand_Get-AzDeploymentWhatIfResult PSCmdlet_Get-AzResourceGroupDeploymentWhatIfResult PSCommand_Get-AzResourceGroupDeploymentWhatIfResult PSCmdlet_Get-AzManagementGroupDeploymentWhatIfResult PSCommand_Get-AzManagementGroupDeploymentWhatIfResult PSCmdlet_Get-AzTenantDeploymentWhatIfResult PSCommand_Get-AzTenantDeploymentWhatIfResult PSCmdlet_Get-AzTemplateSpec PSCommand_Get-AzTemplateSpec PSCmdlet_New-AzTemplateSpec PSCommand_New-AzTemplateSpec PSCmdlet_Set-AzTemplateSpec PSCommand_Set-AzTemplateSpec PSCmdlet_Export-AzTemplateSpec PSCommand_Export-AzTemplateSpec PSCmdlet_Remove-AzTemplateSpec PSCommand_Remove-AzTemplateSpec PSCmdlet_Publish-AzBicepModule PSCommand_Publish-AzBicepModule PSIncludes_Cmdlet PSFunction_Add-AzADAppPermission PSCommand_Add-AzADAppPermission PSFunction_Add-AzADGroupMember PSCommand_Add-AzADGroupMember PSFunction_Get-AzADAppCredential PSCommand_Get-AzADAppCredential PSFunction_Get-AzADApplication PSCommand_Get-AzADApplication PSFunction_Get-AzADAppPermission PSCommand_Get-AzADAppPermission PSFunction_Get-AzADGroup PSCommand_Get-AzADGroup PSFunction_Get-AzADGroupMember PSCommand_Get-AzADGroupMember PSFunction_Get-AzADServicePrincipal PSCommand_Get-AzADServicePrincipal PSFunction_Get-AzADSpCredential PSCommand_Get-AzADSpCredential PSFunction_Get-AzADUser PSCommand_Get-AzADUser PSFunction_New-AzADAppCredential PSCommand_New-AzADAppCredential PSFunction_New-AzADApplication PSCommand_New-AzADApplication PSFunction_New-AzADGroup PSCommand_New-AzADGroup PSFunction_New-AzADServicePrincipal PSCommand_New-AzADServicePrincipal PSFunction_New-AzADSpCredential PSCommand_New-AzADSpCredential PSFunction_New-AzADUser PSCommand_New-AzADUser PSFunction_Remove-AzADAppCredential PSCommand_Remove-AzADAppCredential PSFunction_Remove-AzADApplication PSCommand_Remove-AzADApplication PSFunction_Remove-AzADAppPermission PSCommand_Remove-AzADAppPermission PSFunction_Remove-AzADGroup PSCommand_Remove-AzADGroup PSFunction_Remove-AzADGroupMember PSCommand_Remove-AzADGroupMember PSFunction_Remove-AzADServicePrincipal PSCommand_Remove-AzADServicePrincipal PSFunction_Remove-AzADSpCredential PSCommand_Remove-AzADSpCredential PSFunction_Remove-AzADUser PSCommand_Remove-AzADUser PSFunction_Update-AzADApplication PSCommand_Update-AzADApplication PSFunction_Update-AzADServicePrincipal PSCommand_Update-AzADServicePrincipal PSFunction_Update-AzADUser PSCommand_Update-AzADUser PSIncludes_Function</S>
          <S N="developmentDependency">False</S>
          <S N="updated">2022-03-26T06:39:04Z</S>
          <S N="NormalizedVersion">5.4.0</S>
          <S N="Authors">Microsoft Corporation</S>
          <S N="IsPrerelease">false</S>
          <S N="ItemType">Module</S>
          <S N="FileList">Az.Resources.nuspec|AutoMapper.dll|Az.Resources.psd1|Az.Resources.psm1|Microsoft.Azure.Management.Authorization.dll|Microsoft.Azure.Management.ManagementGroups.dll|Microsoft.Azure.Management.ResourceManager.dll|Microsoft.Azure.PowerShell.Cmdlets.ResourceManager.deps.json|Microsoft.Azure.PowerShell.Cmdlets.ResourceManager.dll|Microsoft.Azure.PowerShell.Cmdlets.ResourceManager.dll-Help.xml|Microsoft.Azure.PowerShell.Cmdlets.Resources.deps.json|Microsoft.Azure.PowerShell.Cmdlets.Resources.dll|Microsoft.Azure.PowerShell.Cmdlets.Resources.dll-Help.xml|Microsoft.Azure.PowerShell.Cmdlets.Tags.deps.json|Microsoft.Azure.PowerShell.Cmdlets.Tags.dll|Microsoft.Azure.PowerShell.Cmdlets.Tags.dll-Help.xml|Microsoft.Extensions.Caching.Abstractions.dll|Microsoft.Extensions.Caching.Memory.dll|Microsoft.Extensions.DependencyInjection.Abstractions.dll|Microsoft.Extensions.Options.dll|Microsoft.Extensions.Primitives.dll|ResourceManager.format.ps1xml|ResourceManager.generated.format.ps1xml|Resources.format.ps1xml|System.Runtime.CompilerServices.Unsafe.dll|Tags.format.ps1xml|MSGraph.Autorest\Az.MSGraph.format.ps1xml|MSGraph.Autorest\Az.MSGraph.psm1|MSGraph.Autorest\bin\Az.MSGraph.private.deps.json|MSGraph.Autorest\bin\Az.MSGraph.private.dll|MSGraph.Autorest\bin\System.Runtime.CompilerServices.Unsafe.dll|MSGraph.Autorest\custom\Add-AzADAppPermission.ps1|MSGraph.Autorest\custom\Add-AzADGroupMember.ps1|MSGraph.Autorest\custom\Az.MSGraph.custom.psm1|MSGraph.Autorest\custom\Get-AzADAppCredential.ps1|MSGraph.Autorest\custom\Get-AzADApplication.ps1|MSGraph.Autorest\custom\Get-AzADAppPermission.ps1|MSGraph.Autorest\custom\Get-AzADGroup.ps1|MSGraph.Autorest\custom\Get-AzADGroupMember.ps1|MSGraph.Autorest\custom\Get-AzADServicePrincipal.ps1|MSGraph.Autorest\custom\Get-AzADSpCredential.ps1|MSGraph.Autorest\custom\Get-AzADUser.ps1|MSGraph.Autorest\custom\Module.cs|MSGraph.Autorest\custom\New-AzADAppCredential.ps1|MSGraph.Autorest\custom\New-AzADApplication.ps1|MSGraph.Autorest\custom\New-AzADGroup.ps1|MSGraph.Autorest\custom\New-AzADServicePrincipal.ps1|MSGraph.Autorest\custom\New-AzADSpCredential.ps1|MSGraph.Autorest\custom\New-AzADUser.ps1|MSGraph.Autorest\custom\Remove-AzADAppCredential.ps1|MSGraph.Autorest\custom\Remove-AzADApplication.ps1|MSGraph.Autorest\custom\Remove-AzADAppPermission.ps1|MSGraph.Autorest\custom\Remove-AzADGroup.ps1|MSGraph.Autorest\custom\Remove-AzADGroupMember.ps1|MSGraph.Autorest\custom\Remove-AzADServicePrincipal.ps1|MSGraph.Autorest\custom\Remove-AzADSpCredential.ps1|MSGraph.Autorest\custom\Remove-AzADUser.ps1|MSGraph.Autorest\custom\Update-AzADApplication.ps1|MSGraph.Autorest\custom\Update-AzADServicePrincipal.ps1|MSGraph.Autorest\custom\Update-AzADUser.ps1|MSGraph.Autorest\custom\model\MicrosoftGraphApplication.cs|MSGraph.Autorest\custom\model\MicrosoftGraphApplicationApiPermission.cs|MSGraph.Autorest\custom\model\MicrosoftGraphGroup.cs|MSGraph.Autorest\custom\model\MicrosoftGraphServicePrincipal.cs|MSGraph.Autorest\custom\model\MicrosoftGraphUser.cs|MSGraph.Autorest\exports\ProxyCmdletDefinitions.ps1|MSGraph.Autorest\internal\Az.MSGraph.internal.psm1|MSGraph.Autorest\internal\ProxyCmdletDefinitions.ps1|MSGraph.Autorest\utils\Unprotect-SecureString.ps1</S>
          <S N="GUID">48bb344d-4c24-441e-8ea0-589947784700</S>
          <S N="PowerShellVersion">5.1</S>
          <S N="DotNetFrameworkVersion">4.7.2</S>
          <S N="CompanyName">Microsoft Corporation</S>
        </MS>
      </Obj>
      <S N="InstalledLocation">C:\users\rogierdijkman\downloads\customlogs\SecureHats\Az.Resources\5.4.0</S>
    </MS>
  </Obj>
</Objs>
